Model,RMSE
RandomForest,0.2254461767278741
RidgeClosedForm,0.20836677222114258
RidgeBuiltin,0.2083667722211426
RidgeGradientDescent,0.2249987758664673
