Model,RMSE
RandomForestRMSE,0.2254461767278741
RidgeClosedFormRMSE,0.20836677222114258
RidgeBuiltinRMSE,0.2083667722211426
RidgeGradientDescentRMSE,0.2249987758664673
